{
  "metadata" : [
    [
      15,
      "Ecoli_Bio_FBA",
      "KBaseFBA.FBA-13.2",
      "2020-10-29T13:11:08+0000",
      1,
      "amardeep_si",
      75957,
      "amardeep_si:narrative_1603974116448",
      "2fa675cefb9cf4b871d54e99e2255f71",
      491160,
      {
        "Combination deletions" : "0",
        "Maximized" : "1",
        "Media" : "262/34/1",
        "Minimize reactions" : "0",
        "Model" : "75957/12/1",
        "Number additional compounds" : "0",
        "Number biomass objectives" : "1",
        "Number compound bounds" : "0",
        "Number compound variables" : "170",
        "Number constraints" : "0",
        "Number gene KO" : "0",
        "Number reaction KO" : "0",
        "Number reaction bounds" : "0",
        "Number reaction variables" : "1382",
        "Objective" : "238.768"
      }
    ]
  ],
  "provenance" : [
    {
      "copy_source_inaccessible" : null,
      "created" : "2020-10-29T13:11:07+0000",
      "creator" : "amardeep_si",
      "extracted_ids" : null,
      "info" : [
        15,
        "Ecoli_Bio_FBA",
        "KBaseFBA.FBA-13.2",
        "2020-10-29T13:11:08+0000",
        1,
        "amardeep_si",
        75957,
        "amardeep_si:narrative_1603974116448",
        "2fa675cefb9cf4b871d54e99e2255f71",
        491160,
        {
          "Combination deletions" : "0",
          "Maximized" : "1",
          "Media" : "262/34/1",
          "Minimize reactions" : "0",
          "Model" : "75957/12/1",
          "Number additional compounds" : "0",
          "Number biomass objectives" : "1",
          "Number compound bounds" : "0",
          "Number compound variables" : "170",
          "Number constraints" : "0",
          "Number gene KO" : "0",
          "Number reaction KO" : "0",
          "Number reaction bounds" : "0",
          "Number reaction variables" : "1382",
          "Objective" : "238.768"
        }
      ],
      "provenance" : [
        {
          "custom" : { },
          "external_data" : [ ],
          "input_ws_objects" : [ ],
          "method" : "run_flux_balance_analysis",
          "method_params" : [
            {
              "activation_coefficient" : 0.5,
              "all_reversible" : 0,
              "beachhead_metabolite_list" : [ ],
              "custom_bound_list" : [ ],
              "default_max_uptake" : 100,
              "exp_threshold_margin" : 0.1,
              "exp_threshold_percentile" : 0.5,
              "expression_condition" : "",
              "expseries_id" : null,
              "expseries_workspace" : "amardeep_si:narrative_1603974116448",
              "fba_output_id" : "Ecoli_Bio_FBA",
              "fbamodel_id" : "75957/12/1",
              "fbamodel_workspace" : "amardeep_si:narrative_1603974116448",
              "feature_ko_list" : [ ],
              "find_min_media" : 0,
              "fva" : 1,
              "massbalance" : null,
              "max_c_uptake" : null,
              "max_n_uptake" : null,
              "max_o_uptake" : null,
              "max_p_uptake" : null,
              "max_s_uptake" : null,
              "media_id" : "Complete",
              "media_id_list" : null,
              "media_supplement_list" : "",
              "media_workspace" : "KBaseMedia",
              "mediaset_id" : null,
              "mediaset_workspace" : "amardeep_si:narrative_1603974116448",
              "minimize_flux" : 1,
              "notes" : null,
              "objective_fraction" : 0.1,
              "omega" : 0,
              "predict_auxotrophy" : 0,
              "reaction_ko_list" : [ ],
              "sensitivity_analysis" : 0,
              "simulate_ko" : 0,
              "target_metabolite_list" : [ ],
              "target_reaction" : "bio1",
              "thermodynamic_constraints" : 0,
              "workspace" : "amardeep_si:narrative_1603974116448"
            }
          ],
          "resolved_ws_objects" : [ ],
          "service" : "fba_tools",
          "subactions" : [ ]
        }
      ],
      "refs" : [
        "75957/12/1",
        "262/34/1"
      ]
    }
  ]
}