{
    "metadata": [
        [
            12,
            "Ecoli_GapFilled",
            "KBaseFBA.FBAModel-12.0",
            "2020-10-29T13:03:01+0000",
            1,
            "amardeep_si",
            75957,
            "amardeep_si:narrative_1603974116448",
            "c20f0ff8a69b332ed07d3c73eadd11bd",
            1965162,
            {
                "Genome": "75957/11/1",
                "Name": "Escherichia coli str. K-12 substr. MG1655",
                "Number biomasses": "1",
                "Number compartments": "2",
                "Number compounds": "1285",
                "Number gapfills": "1",
                "Number gapgens": "0",
                "Number reactions": "1382",
                "Source": "KBase",
                "Source ID": "Ecoli_GapFilled",
                "Type": "GenomeScale"
            }
        ]
    ],
    "provenance": [
        {
            "copy_source_inaccessible": 0,
            "created": "2020-10-29T13:03:01+0000",
            "creator": "amardeep_si",
            "epoch": 1603976581411,
            "extracted_ids": {},
            "info": [
                12,
                "Ecoli_GapFilled",
                "KBaseFBA.FBAModel-12.0",
                "2020-10-29T13:03:01+0000",
                1,
                "amardeep_si",
                75957,
                "amardeep_si:narrative_1603974116448",
                "c20f0ff8a69b332ed07d3c73eadd11bd",
                1965162,
                {
                    "Genome": "75957/11/1",
                    "Name": "Escherichia coli str. K-12 substr. MG1655",
                    "Number biomasses": "1",
                    "Number compartments": "2",
                    "Number compounds": "1285",
                    "Number gapfills": "1",
                    "Number gapgens": "0",
                    "Number reactions": "1382",
                    "Source": "KBase",
                    "Source ID": "Ecoli_GapFilled",
                    "Type": "GenomeScale"
                }
            ],
            "orig_wsid": 75957,
            "path": [
                "75957/12/1"
            ],
            "provenance": [
                {
                    "custom": {},
                    "external_data": [],
                    "input_ws_objects": [],
                    "method": "build_metabolic_model",
                    "method_params": [
                        {
                            "activation_coefficient": 0.5,
                            "comprehensive_gapfill": 0,
                            "coremodel": 0,
                            "custom_bound_list": [],
                            "exp_threshold_margin": 0.1,
                            "exp_threshold_percentile": 0.5,
                            "expression_condition": null,
                            "expseries_id": null,
                            "expseries_workspace": "amardeep_si:narrative_1603974116448",
                            "fbamodel_output_id": "Ecoli_GapFilled",
                            "gapfill_model": 1,
                            "genome_id": "75957/11/1",
                            "genome_workspace": "amardeep_si:narrative_1603974116448",
                            "media_id": null,
                            "media_supplement_list": "",
                            "media_workspace": "amardeep_si:narrative_1603974116448",
                            "minimum_target_flux": 0.1,
                            "number_of_solutions": 1,
                            "objective_fraction": 0.1,
                            "omega": 0,
                            "template_id": "NewKBaseModelTemplates/GramNegModelTemplate",
                            "template_workspace": null,
                            "thermodynamic_constraints": 0,
                            "workspace": "amardeep_si:narrative_1603974116448"
                        }
                    ],
                    "resolved_ws_objects": [],
                    "service": "fba_tools",
                    "subactions": []
                }
            ],
            "refs": [
                "75957/11/1",
                "262/34/1"
            ]
        }
    ]
}