{
    "metadata": [
        [
            36,
            "GCF_001890765.1.fbamodel",
            "KBaseFBA.FBAModel-12.0",
            "2020-12-18T21:56:05+0000",
            1,
            "amardeep_si",
            79822,
            "amardeep_si:narrative_1608307208538",
            "b0fbc5971b3af4464ae63edff1aac9e8",
            773225,
            {
                "Genome": "79822/27/1",
                "Name": "Spirulina major PCC 6313",
                "Number biomasses": "1",
                "Number compartments": "2",
                "Number compounds": "704",
                "Number gapfills": "1",
                "Number gapgens": "0",
                "Number reactions": "587",
                "Source": "KBase",
                "Source ID": "GCF_001890765.1.fbamodel",
                "Type": "GenomeScale"
            }
        ]
    ],
    "provenance": [
        {
            "copy_source_inaccessible": 0,
            "created": "2020-12-18T21:56:04+0000",
            "creator": "amardeep_si",
            "epoch": 1608328564896,
            "extracted_ids": {},
            "info": [
                36,
                "GCF_001890765.1.fbamodel",
                "KBaseFBA.FBAModel-12.0",
                "2020-12-18T21:56:05+0000",
                1,
                "amardeep_si",
                79822,
                "amardeep_si:narrative_1608307208538",
                "b0fbc5971b3af4464ae63edff1aac9e8",
                773225,
                {
                    "Genome": "79822/27/1",
                    "Name": "Spirulina major PCC 6313",
                    "Number biomasses": "1",
                    "Number compartments": "2",
                    "Number compounds": "704",
                    "Number gapfills": "1",
                    "Number gapgens": "0",
                    "Number reactions": "587",
                    "Source": "KBase",
                    "Source ID": "GCF_001890765.1.fbamodel",
                    "Type": "GenomeScale"
                }
            ],
            "orig_wsid": 79822,
            "path": [
                "79822/36/1"
            ],
            "provenance": [
                {
                    "custom": {},
                    "external_data": [],
                    "input_ws_objects": [],
                    "method": "build_multiple_metabolic_models",
                    "method_params": [
                        {
                            "activation_coefficient": 0.5,
                            "comprehensive_gapfill": 0,
                            "coremodel": 0,
                            "custom_bound_list": [],
                            "exp_threshold_margin": 0.1,
                            "exp_threshold_percentile": 0.5,
                            "expression_condition": null,
                            "expseries_id": null,
                            "expseries_workspace": "amardeep_si:narrative_1608307208538",
                            "fbamodel_output_id": "GCF_001890765.1.fbamodel",
                            "gapfill_model": 1,
                            "genome_id": "79822/27/1",
                            "genome_ids": [
                                "79822/27/1"
                            ],
                            "genome_text": null,
                            "genome_workspace": "amardeep_si:narrative_1608307208538",
                            "media_id": null,
                            "media_supplement_list": "",
                            "media_workspace": "amardeep_si:narrative_1608307208538",
                            "minimum_target_flux": 0.1,
                            "number_of_solutions": 1,
                            "objective_fraction": 0.1,
                            "omega": 0,
                            "template_id": "NewKBaseModelTemplates/GramNegModelTemplate",
                            "template_workspace": null,
                            "thermodynamic_constraints": 0,
                            "workspace": "amardeep_si:narrative_1608307208538"
                        }
                    ],
                    "resolved_ws_objects": [],
                    "service": "fba_tools",
                    "subactions": []
                }
            ],
            "refs": [
                "79822/27/1",
                "262/34/1"
            ]
        }
    ]
}