{
    "metadata": [
        [
            16,
            "DS_FBA",
            "KBaseFBA.FBA-13.2",
            "2020-12-18T21:07:45+0000",
            1,
            "amardeep_si",
            79822,
            "amardeep_si:narrative_1608307208538",
            "f57e4e1adb172d3aa993ddbce289adbc",
            356025,
            {
                "Combination deletions": "0",
                "Maximized": "1",
                "Media": "262/278/11",
                "Minimize reactions": "0",
                "Model": "79822/13/1",
                "Number additional compounds": "0",
                "Number biomass objectives": "1",
                "Number compound bounds": "0",
                "Number compound variables": "17",
                "Number constraints": "0",
                "Number gene KO": "0",
                "Number reaction KO": "0",
                "Number reaction bounds": "0",
                "Number reaction variables": "1066",
                "Objective": "1.21408"
            }
        ]
    ],
    "provenance": [
        {
            "copy_source_inaccessible": 0,
            "created": "2020-12-18T21:07:45+0000",
            "creator": "amardeep_si",
            "epoch": 1608325665118,
            "extracted_ids": {},
            "info": [
                16,
                "DS_FBA",
                "KBaseFBA.FBA-13.2",
                "2020-12-18T21:07:45+0000",
                1,
                "amardeep_si",
                79822,
                "amardeep_si:narrative_1608307208538",
                "f57e4e1adb172d3aa993ddbce289adbc",
                356025,
                {
                    "Combination deletions": "0",
                    "Maximized": "1",
                    "Media": "262/278/11",
                    "Minimize reactions": "0",
                    "Model": "79822/13/1",
                    "Number additional compounds": "0",
                    "Number biomass objectives": "1",
                    "Number compound bounds": "0",
                    "Number compound variables": "17",
                    "Number constraints": "0",
                    "Number gene KO": "0",
                    "Number reaction KO": "0",
                    "Number reaction bounds": "0",
                    "Number reaction variables": "1066",
                    "Objective": "1.21408"
                }
            ],
            "orig_wsid": 79822,
            "path": [
                "79822/16/1"
            ],
            "provenance": [
                {
                    "custom": {},
                    "external_data": [],
                    "input_ws_objects": [],
                    "method": "run_flux_balance_analysis",
                    "method_params": [
                        {
                            "activation_coefficient": 0.5,
                            "all_reversible": 0,
                            "beachhead_metabolite_list": [],
                            "custom_bound_list": [],
                            "default_max_uptake": 0,
                            "exp_threshold_margin": 0.1,
                            "exp_threshold_percentile": 0.5,
                            "expression_condition": "",
                            "expseries_id": null,
                            "expseries_workspace": "amardeep_si:narrative_1608307208538",
                            "fba_output_id": "DS_FBA",
                            "fbamodel_id": "79822/13/1",
                            "fbamodel_workspace": "amardeep_si:narrative_1608307208538",
                            "feature_ko_list": [],
                            "find_min_media": 0,
                            "fva": 1,
                            "massbalance": null,
                            "max_c_uptake": null,
                            "max_n_uptake": null,
                            "max_o_uptake": null,
                            "max_p_uptake": null,
                            "max_s_uptake": null,
                            "media_id": "PlantHeterotrophicMedia",
                            "media_id_list": null,
                            "media_supplement_list": "",
                            "media_workspace": "KBaseMedia",
                            "mediaset_id": null,
                            "mediaset_workspace": "amardeep_si:narrative_1608307208538",
                            "minimize_flux": 1,
                            "notes": null,
                            "objective_fraction": 0.1,
                            "omega": 0,
                            "predict_auxotrophy": 0,
                            "reaction_ko_list": [],
                            "sensitivity_analysis": 0,
                            "simulate_ko": 0,
                            "target_metabolite_list": [],
                            "target_reaction": "bio1",
                            "thermodynamic_constraints": 0,
                            "workspace": "amardeep_si:narrative_1608307208538"
                        }
                    ],
                    "resolved_ws_objects": [],
                    "service": "fba_tools",
                    "subactions": []
                }
            ],
            "refs": [
                "79822/13/1",
                "262/278/11"
            ]
        }
    ]
}