{
    "metadata": [
        [
            30,
            "GCF_002900225.1.fbamodel",
            "KBaseFBA.FBAModel-12.0",
            "2020-12-18T21:48:53+0000",
            1,
            "amardeep_si",
            79822,
            "amardeep_si:narrative_1608307208538",
            "f6911b6a78db5f693dd154440bf1ba6a",
            671505,
            {
                "Genome": "79822/29/1",
                "Name": "Formosa algae",
                "Number biomasses": "1",
                "Number compartments": "2",
                "Number compounds": "653",
                "Number gapfills": "1",
                "Number gapgens": "0",
                "Number reactions": "518",
                "Source": "KBase",
                "Source ID": "GCF_002900225.1.fbamodel",
                "Type": "GenomeScale"
            }
        ]
    ],
    "provenance": [
        {
            "copy_source_inaccessible": 0,
            "created": "2020-12-18T21:48:53+0000",
            "creator": "amardeep_si",
            "epoch": 1608328133700,
            "extracted_ids": {},
            "info": [
                30,
                "GCF_002900225.1.fbamodel",
                "KBaseFBA.FBAModel-12.0",
                "2020-12-18T21:48:53+0000",
                1,
                "amardeep_si",
                79822,
                "amardeep_si:narrative_1608307208538",
                "f6911b6a78db5f693dd154440bf1ba6a",
                671505,
                {
                    "Genome": "79822/29/1",
                    "Name": "Formosa algae",
                    "Number biomasses": "1",
                    "Number compartments": "2",
                    "Number compounds": "653",
                    "Number gapfills": "1",
                    "Number gapgens": "0",
                    "Number reactions": "518",
                    "Source": "KBase",
                    "Source ID": "GCF_002900225.1.fbamodel",
                    "Type": "GenomeScale"
                }
            ],
            "orig_wsid": 79822,
            "path": [
                "79822/30/1"
            ],
            "provenance": [
                {
                    "custom": {},
                    "external_data": [],
                    "input_ws_objects": [],
                    "method": "build_multiple_metabolic_models",
                    "method_params": [
                        {
                            "activation_coefficient": 0.5,
                            "comprehensive_gapfill": 0,
                            "coremodel": 0,
                            "custom_bound_list": [],
                            "exp_threshold_margin": 0.1,
                            "exp_threshold_percentile": 0.5,
                            "expression_condition": null,
                            "expseries_id": null,
                            "expseries_workspace": "amardeep_si:narrative_1608307208538",
                            "fbamodel_output_id": "GCF_002900225.1.fbamodel",
                            "gapfill_model": 1,
                            "genome_id": "79822/29/1",
                            "genome_ids": [
                                "79822/29/1"
                            ],
                            "genome_text": null,
                            "genome_workspace": "amardeep_si:narrative_1608307208538",
                            "media_id": null,
                            "media_supplement_list": "",
                            "media_workspace": "amardeep_si:narrative_1608307208538",
                            "minimum_target_flux": 0.1,
                            "number_of_solutions": 1,
                            "objective_fraction": 0.1,
                            "omega": 0,
                            "template_id": "NewKBaseModelTemplates/GramNegModelTemplate",
                            "template_workspace": null,
                            "thermodynamic_constraints": 0,
                            "workspace": "amardeep_si:narrative_1608307208538"
                        }
                    ],
                    "resolved_ws_objects": [],
                    "service": "fba_tools",
                    "subactions": []
                }
            ],
            "refs": [
                "262/34/1",
                "79822/29/1"
            ]
        }
    ]
}