{
    "metadata": [
        [
            41,
            "SA_Gapfilled",
            "KBaseFBA.FBAModel-12.0",
            "2020-12-18T22:15:51+0000",
            1,
            "amardeep_si",
            79822,
            "amardeep_si:narrative_1608307208538",
            "5ce8c8f976d1f611df516a21a3ca4a3f",
            801548,
            {
                "Genome": "79822/28/1",
                "Name": "Shewanella algae",
                "Number biomasses": "1",
                "Number compartments": "2",
                "Number compounds": "734",
                "Number gapfills": "1",
                "Number gapgens": "0",
                "Number reactions": "608",
                "Source": "KBase",
                "Source ID": "SA_Gapfilled",
                "Type": "GenomeScale"
            }
        ]
    ],
    "provenance": [
        {
            "copy_source_inaccessible": 0,
            "created": "2020-12-18T22:15:50+0000",
            "creator": "amardeep_si",
            "epoch": 1608329750944,
            "extracted_ids": {},
            "info": [
                41,
                "SA_Gapfilled",
                "KBaseFBA.FBAModel-12.0",
                "2020-12-18T22:15:51+0000",
                1,
                "amardeep_si",
                79822,
                "amardeep_si:narrative_1608307208538",
                "5ce8c8f976d1f611df516a21a3ca4a3f",
                801548,
                {
                    "Genome": "79822/28/1",
                    "Name": "Shewanella algae",
                    "Number biomasses": "1",
                    "Number compartments": "2",
                    "Number compounds": "734",
                    "Number gapfills": "1",
                    "Number gapgens": "0",
                    "Number reactions": "608",
                    "Source": "KBase",
                    "Source ID": "SA_Gapfilled",
                    "Type": "GenomeScale"
                }
            ],
            "orig_wsid": 79822,
            "path": [
                "79822/41/1"
            ],
            "provenance": [
                {
                    "custom": {},
                    "external_data": [],
                    "input_ws_objects": [],
                    "method": "build_metabolic_model",
                    "method_params": [
                        {
                            "activation_coefficient": 0.5,
                            "comprehensive_gapfill": 0,
                            "coremodel": 0,
                            "custom_bound_list": [],
                            "exp_threshold_margin": 0.1,
                            "exp_threshold_percentile": 0.5,
                            "expression_condition": null,
                            "expseries_id": null,
                            "expseries_workspace": "amardeep_si:narrative_1608307208538",
                            "fbamodel_output_id": "SA_Gapfilled",
                            "gapfill_model": 1,
                            "genome_id": "79822/28/1",
                            "genome_workspace": "amardeep_si:narrative_1608307208538",
                            "media_id": null,
                            "media_supplement_list": "",
                            "media_workspace": "amardeep_si:narrative_1608307208538",
                            "minimum_target_flux": 0.1,
                            "number_of_solutions": 1,
                            "objective_fraction": 0.1,
                            "omega": 0,
                            "template_id": "NewKBaseModelTemplates/GramNegModelTemplate",
                            "template_workspace": null,
                            "thermodynamic_constraints": 0,
                            "workspace": "amardeep_si:narrative_1608307208538"
                        }
                    ],
                    "resolved_ws_objects": [],
                    "service": "fba_tools",
                    "subactions": []
                }
            ],
            "refs": [
                "79822/28/1",
                "262/34/1"
            ]
        }
    ]
}