{
    "metadata": [
        [
            3,
            "Chlorella_v",
            "KBaseFBA.FBAModel-12.0",
            "2020-10-29T12:25:55+0000",
            1,
            "amardeep_si",
            75957,
            "amardeep_si:narrative_1603974116448",
            "a9a965769c73110d5536efdd9f3867ee",
            1168907,
            {
                "Genome": "75957/2/1",
                "Name": "Chlorella variabilis",
                "Number biomasses": "2",
                "Number compartments": "11",
                "Number compounds": "1137",
                "Number gapfills": "1",
                "Number gapgens": "0",
                "Number reactions": "1066",
                "Source": "KBase",
                "Source ID": "Chlorella_v",
                "Type": "GenomeScale"
            }
        ]
    ],
    "provenance": [
        {
            "copy_source_inaccessible": 0,
            "created": "2020-10-29T12:25:55+0000",
            "creator": "amardeep_si",
            "epoch": 1603974355276,
            "extracted_ids": {},
            "info": [
                3,
                "Chlorella_v",
                "KBaseFBA.FBAModel-12.0",
                "2020-10-29T12:25:55+0000",
                1,
                "amardeep_si",
                75957,
                "amardeep_si:narrative_1603974116448",
                "a9a965769c73110d5536efdd9f3867ee",
                1168907,
                {
                    "Genome": "75957/2/1",
                    "Name": "Chlorella variabilis",
                    "Number biomasses": "2",
                    "Number compartments": "11",
                    "Number compounds": "1137",
                    "Number gapfills": "1",
                    "Number gapgens": "0",
                    "Number reactions": "1066",
                    "Source": "KBase",
                    "Source ID": "Chlorella_v",
                    "Type": "GenomeScale"
                }
            ],
            "orig_wsid": 75957,
            "path": [
                "75957/3/1"
            ],
            "provenance": [
                {
                    "custom": {},
                    "external_data": [],
                    "input_ws_objects": [],
                    "method": "build_metabolic_model",
                    "method_params": [
                        {
                            "activation_coefficient": 0.5,
                            "comprehensive_gapfill": 0,
                            "coremodel": 0,
                            "custom_bound_list": [],
                            "exp_threshold_margin": 0.1,
                            "exp_threshold_percentile": 0.5,
                            "expression_condition": null,
                            "expseries_id": null,
                            "expseries_workspace": "amardeep_si:narrative_1603974116448",
                            "fbamodel_output_id": "Chlorella_v",
                            "gapfill_model": 1,
                            "genome_id": "75957/2/1",
                            "genome_workspace": "amardeep_si:narrative_1603974116448",
                            "media_id": null,
                            "media_supplement_list": "",
                            "media_workspace": "amardeep_si:narrative_1603974116448",
                            "minimum_target_flux": 0.1,
                            "number_of_solutions": 1,
                            "objective_fraction": 0.1,
                            "omega": 0,
                            "template_id": "NewKBaseModelTemplates/PlantModelTemplate",
                            "template_workspace": null,
                            "thermodynamic_constraints": 0,
                            "workspace": "amardeep_si:narrative_1603974116448"
                        }
                    ],
                    "resolved_ws_objects": [],
                    "service": "fba_tools",
                    "subactions": []
                }
            ],
            "refs": [
                "75957/2/1",
                "262/278/11"
            ]
        }
    ]
}