{
    "metadata": [
        [
            6,
            "Ethanol_GapFill",
            "KBaseFBA.FBAModel-12.0",
            "2020-10-29T12:33:08+0000",
            1,
            "amardeep_si",
            75957,
            "amardeep_si:narrative_1603974116448",
            "f24f8d027e64af55c1faac7ec79a76e2",
            1169085,
            {
                "Genome": "75957/2/1",
                "Name": "Chlorella variabilis",
                "Number biomasses": "2",
                "Number compartments": "11",
                "Number compounds": "1137",
                "Number gapfills": "2",
                "Number gapgens": "0",
                "Number reactions": "1066",
                "Source": "KBase",
                "Source ID": "Chlorella_v",
                "Type": "GenomeScale"
            }
        ]
    ],
    "provenance": [
        {
            "copy_source_inaccessible": 0,
            "created": "2020-10-29T12:33:08+0000",
            "creator": "amardeep_si",
            "epoch": 1603974788332,
            "extracted_ids": {},
            "info": [
                6,
                "Ethanol_GapFill",
                "KBaseFBA.FBAModel-12.0",
                "2020-10-29T12:33:08+0000",
                1,
                "amardeep_si",
                75957,
                "amardeep_si:narrative_1603974116448",
                "f24f8d027e64af55c1faac7ec79a76e2",
                1169085,
                {
                    "Genome": "75957/2/1",
                    "Name": "Chlorella variabilis",
                    "Number biomasses": "2",
                    "Number compartments": "11",
                    "Number compounds": "1137",
                    "Number gapfills": "2",
                    "Number gapgens": "0",
                    "Number reactions": "1066",
                    "Source": "KBase",
                    "Source ID": "Chlorella_v",
                    "Type": "GenomeScale"
                }
            ],
            "orig_wsid": 75957,
            "path": [
                "75957/6/1"
            ],
            "provenance": [
                {
                    "custom": {},
                    "external_data": [],
                    "input_ws_objects": [],
                    "method": "gapfill_metabolic_model",
                    "method_params": [
                        {
                            "activation_coefficient": 0,
                            "comprehensive_gapfill": 0,
                            "custom_bound_list": [],
                            "exp_threshold_margin": 0.1,
                            "exp_threshold_percentile": 0.5,
                            "expression_condition": null,
                            "expseries_id": null,
                            "expseries_workspace": "amardeep_si:narrative_1603974116448",
                            "fbamodel_id": "75957/3/1",
                            "fbamodel_output_id": "Ethanol_GapFill",
                            "fbamodel_workspace": "amardeep_si:narrative_1603974116448",
                            "feature_ko_list": [],
                            "gapfill_output_id": null,
                            "media_id": "PlantHeterotrophicMedia",
                            "media_supplement_list": "",
                            "media_workspace": "KBaseMedia",
                            "minimum_target_flux": "0.1",
                            "number_of_solutions": 1,
                            "objective_fraction": 0,
                            "omega": 0,
                            "probanno_id": null,
                            "probanno_workspace": "amardeep_si:narrative_1603974116448",
                            "reaction_ko_list": [],
                            "source_fbamodel_id": null,
                            "source_fbamodel_workspace": "amardeep_si:narrative_1603974116448",
                            "target_reaction": "rxn00543_c0",
                            "thermodynamic_constraints": 0,
                            "workspace": "amardeep_si:narrative_1603974116448"
                        }
                    ],
                    "resolved_ws_objects": [],
                    "service": "fba_tools",
                    "subactions": []
                }
            ],
            "refs": [
                "75957/2/1",
                "262/278/11"
            ]
        }
    ]
}